lang_pair,source_en,translation_de,error_text,severity
en-de,"After a little practice, vacuum therapy with this system becomes easy and comfortable.",Nach ein wenig Übung wird die Vakuumtherapie mit diesem System einfach und bequem.,,no error
en-de,"In addition, VVI includes several additional items in this kit that makes the process fast and user-friendly.","Darüber hinaus enthält VVI mehrere zusätzliche Elemente in diesem Kit, die den Prozess schnell und benutzerfreundlich machen.",,no error
en-de,"The patented ring ejector, loading cone, and lubricant included in the kit help to apply the tension bands after pumping.","Der im Kit enthaltene patentierte Ringejektor, Ladekegel und Schmiermittel helfen beim Anlegen der Spannbänder nach dem Pumpen.",Ladekege,minor
en-de,"Tension bands, also known as penis rings, help sustain the erection once it has been achieved with the pump.","Spannbänder, auch Penisringe genannt, tragen dazu bei, die Erektion aufrechtzuerhalten, sobald sie mit der Pumpe erreicht wurde.",,no error
en-de,"This kit includes comes with an assortment of tension bands, in the most popular sizes, to help the user find the most effective tension level.","Dieses Kit enthält eine Auswahl an Spannbändern in den gängigsten Größen, damit der Benutzer das effektivste Spannungsniveau finden kann.",,no error
en-de,Please see the Payments and Postage tab for our current rates.,Bitte beachten Sie die Registerkarte Zahlungen und Porto für unsere aktuellen Tarife.,beachte,minor
en-de,Please see the Payments and Postage tab for our current rates.,Bitte beachten Sie die Registerkarte Zahlungen und Porto für unsere aktuellen Tarife.,Zahlungen und Port,minor
en-de,Our standard service is dispatch by Airmail.,Unser Standardservice ist der Versand per Luftpost.,,no error
en-de,Premium signed-for and courier services are available.,Premium-Anmelde- und Kurierdienste sind verfügbar.,Anmeld,major
en-de,Premium signed-for and courier services are available.,Premium-Anmelde- und Kurierdienste sind verfügbar.,sind verfügba,minor
en-de,"If costs for your country are not listed, please contact us for a quote.","Wenn die Kosten für Ihr Land nicht aufgeführt sind, kontaktieren Sie uns bitte für ein Angebot.",Angebo,minor
en-de,"Delivery of smaller size photographs up to 16x12"" to Europe is typically 5 - 15 business days from dispatch, and to the rest of world is 7 - 20 business days, via Airmail.","Die Lieferung kleinerer Fotos bis zu 16x12 ""nach Europa dauert in der Regel 5 - 15 Werktage ab Versand und in den Rest der Welt 7 - 20 Werktage per Luftpost.",16x12 ,minor
en-de,"Delivery of smaller size photographs up to 16x12"" to Europe is typically 5 - 15 business days from dispatch, and to the rest of world is 7 - 20 business days, via Airmail.","Die Lieferung kleinerer Fotos bis zu 16x12 ""nach Europa dauert in der Regel 5 - 15 Werktage ab Versand und in den Rest der Welt 7 - 20 Werktage per Luftpost.",5 - 1,minor
en-de,"Delivery of smaller size photographs up to 16x12"" to Europe is typically 5 - 15 business days from dispatch, and to the rest of world is 7 - 20 business days, via Airmail.","Die Lieferung kleinerer Fotos bis zu 16x12 ""nach Europa dauert in der Regel 5 - 15 Werktage ab Versand und in den Rest der Welt 7 - 20 Werktage per Luftpost.",7 - 2,minor
en-de,"Delivery of large photographs 20x16"" and 24x20"" are typically delivered within 7 - 20 working days to Europe and Rest of World.","Die Lieferung von großen Fotografien 20x16 ""und 24x20"" erfolgt in der Regel innerhalb von 7 - 20 Werktagen nach Europa und in den Rest der Welt.",Fotografie,minor
en-de,"Delivery of large photographs 20x16"" and 24x20"" are typically delivered within 7 - 20 working days to Europe and Rest of World.","Die Lieferung von großen Fotografien 20x16 ""und 24x20"" erfolgt in der Regel innerhalb von 7 - 20 Werktagen nach Europa und in den Rest der Welt.",7 - 2,minor
en-de,We will combine shipping on orders for the same customer.,Wir kombinieren den Versand bei Bestellungen für denselben Kunden.,,no error
en-de,"Please choose all of the photographs you would like and, once finished, check out only once to automatically receive the discounted postage rate.","Bitte wählen Sie alle gewünschten Fotos aus und checken Sie nach Abschluss nur einmal aus, um automatisch den ermäßigten Portotarif zu erhalten.",checke,major
en-de,"Please choose all of the photographs you would like and, once finished, check out only once to automatically receive the discounted postage rate.","Bitte wählen Sie alle gewünschten Fotos aus und checken Sie nach Abschluss nur einmal aus, um automatisch den ermäßigten Portotarif zu erhalten.",Portotari,minor
en-de,International buyers please note: our large photographs are sent rolled in postal tubes.,Internationale Käufer bitte beachten Sie: Unsere großen Fotos werden gerollt in Postschläuchen verschickt.,Internationale Käufer bitte beachten Sie: Unsere großen Fotos werden gerollt in Postschläuchen verschickt,minor
en-de,International buyers please note: our large photographs are sent rolled in postal tubes.,Internationale Käufer bitte beachten Sie: Unsere großen Fotos werden gerollt in Postschläuchen verschickt.,Postschläuche,major
en-de,Please note that in some countries the local mail services do not deliver postal tubes along with letters and small packets.,"Bitte beachten Sie, dass in einigen Ländern die lokalen Postdienste keine Poströhren zusammen mit Briefen und kleinen Paketen zustellen.",,no error
en-de,All our comics are sent bagged as standard.,Alle unsere Comics werden standardmäßig verpackt verschickt.,verpack,minor
en-de,"In addition, the older items are usually boarded as well.",Außerdem werden in der Regel auch die älteren Gegenstände geentert.,geenter,major
en-de,The newer items are bagged only.,Die neueren Artikel werden nur verpackt.,verpack,minor
en-de,"In addition to the above item, we have over 250,000 comics in stock, including both back issues and new items.","Zusätzlich zu den oben genannten Artikeln haben wir über 250.000 Comics auf Lager, einschließlich früherer Ausgaben und neuer Artikel.",,no error
en-de,All our comics are supplied from our real world store enabling us to offer a huge range of comics via auction.,"Alle unsere Comics werden aus unserem realen Laden geliefert, so dass wir eine große Auswahl an Comics per Auktion anbieten können.",realen Lade,minor
