source_en,translation_de,human_severity,llm_severity,agree,human_errors,llm_errors
Also all orders placed on the weekends will be dispatched within the next working days.,"Auch alle Bestellungen, die am Wochenende eingehen, werden innerhalb der nächsten Werktage versandt.",no error,minor,False,,am Wochenende (minor)
Our aim is to offer our customers the best service possible.,"Unser Ziel ist es, unseren Kunden den bestmöglichen Service zu bieten.",no error,no error,True,,
That is why we dispatch our orders within 1 working day once the payment has cleared.,Deshalb versenden wir unsere Bestellungen innerhalb von 1 Werktag nach Zahlungseingang.,no error,minor,False,,innerhalb von 1 Werktag (minor)
"The delivery services we offer is standard tracked post (2-3 working days), first class service, as well as an express service.","Die von uns angebotenen Lieferservices sind Standard-Sendungsverfolgung (2-3 Werktage), erstklassiger Service sowie ein Expressdienst.",major,minor,False,Standard-Sendungsverfolgun (minor); erstklassiger Servic (major),Standard-Sendungsverfolgung (minor)
"Please note, there may be slight delays from the courier service during festive occasions (e.g. Christmas).","Bitte beachten Sie, dass es bei festlichen Anlässen (z.B. Weihnachten) zu leichten Verzögerungen durch den Kurierdienst kommen kann.",no error,no error,True,,
"While we work to ensure that product information on our website is correct, on occasion manufacturers may alter their ingredient lists.","Während wir daran arbeiten, dass die Produktinformationen auf unserer Website korrekt sind, können Hersteller gelegentlich ihre Zutatenlisten ändern.",minor,minor,True,Währen (minor); daran arbeite (minor),"arbeiten, dass (minor)"
Actual product packaging and materials may contain more and/or different information than that shown on our website.,Die tatsächlichen Produktverpackungen und -materialien können mehr und / oder andere Informationen enthalten als auf unserer Website angegeben.,no error,minor,False,,mehr und / oder (minor)
All information about the products on our website is provided for information purposes only.,Alle Informationen zu den Produkten auf unserer Website dienen nur zu Informationszwecken.,no error,no error,True,,
We recommend that you do not solely rely on the information presented on our website.,"Wir empfehlen Ihnen, sich nicht allein auf die Informationen auf unserer Website zu verlassen.",no error,no error,True,,
"Please always read the labels, warnings, and directions provided with the product before using or consuming a product.","Bitte lesen Sie immer die mit dem Produkt gelieferten Etiketten, Warnhinweise und Anweisungen, bevor Sie ein Produkt verwenden oder konsumieren.",no error,minor,False,,mit dem Produkt gelieferten (minor)
"In the event of any safety concerns or for any other information about a product, please carefully read any instructions provided on the label or packaging and contact the manufacturer.",Im Falle von Sicherheitsbedenken oder anderen Informationen zu einem Produkt lesen Sie bitte sorgfältig die Anweisungen auf dem Etikett oder der Verpackung und wenden Sie sich an den Hersteller.,no error,minor,False,,anderen Informationen zu einem Produkt (minor)
"Content on this site is not intended to substitute for advice given by medical practitioner, pharmacist, or other licensed health-care professional.","Der Inhalt dieser Website ist nicht als Ersatz für Ratschläge von Ärzten, Apothekern oder anderen zugelassenen Angehörigen der Gesundheitsberufe gedacht.",minor,minor,True,Angehörigen der Gesundheitsberuf (minor),Ratschläge von Ärzten (minor)
Contact your health-care provider immediately if you suspect that you have a medical problem.,"Wenden Sie sich sofort an Ihren Arzt, wenn Sie vermuten, dass Sie ein medizinisches Problem haben.",no error,major,False,,Ihren Arzt (major)
"Information and statements about products are not intended to be used to diagnose, treat, cure, or prevent any disease or health condition.","Informationen und Aussagen zu Produkten sind nicht dazu gedacht, Krankheiten oder Gesundheitszustände zu diagnostizieren, zu behandeln, zu heilen oder zu verhindern.",no error,no error,True,,
Organicsbeauty accepts no liability for inaccuracies or misstatements about products by manufacturers or other third parties.,Organicsbeauty übernimmt keine Haftung für Ungenauigkeiten oder falsche Angaben zu Produkten von Herstellern oder anderen Dritten.,minor,no error,False,falsche Angabe (minor),
"Stainless Steel Made Straight, Razor Maintenance Made Easy With Replaceable Blades!","Edelstahl gerade gemacht, Rasiermesserpflege leicht gemacht mit austauschbaren Klingen!",no error,major,False,,Edelstahl gerade gemacht (major); Rasiermesserpflege (major)
"This Razor is a close relative to Straight/Cut Throat razor, giving you that old Barber Vintage Vibe for a fraction of the price and virtually zero maintenance!",Dieser Rasierer ist ein enger Verwandter des Rasierers mit geradem / geschnittenem Hals und bietet Ihnen die alte Barbier-Vintage-Atmosphäre zu einem Bruchteil des Preises und praktisch wartungsfrei!,major,major,True,geradem / geschnittenem Hal (major); Barbie (minor); Atmosphär (minor); wartungsfre (major),Rasierers mit geradem / geschnittenem Hals (major); Barbier-Vintage-Atmosphäre (major)
Using Replaceable Standard Double Edge Blades just like the classic safety razor - Meaning you don't have to worry about stropping and sharpening and yet enjoy the closeness of a straight razor shave!,"Verwenden Sie austauschbare Standard-Doppelschneidenklingen wie beim klassischen Rasierhobel - Das heißt, Sie müssen sich keine Gedanken über das Abstreifen und Schärfen machen und genießen dennoch die Nähe einer Rasierrasur!",major,major,True,Rasierhobe (major); Da (minor); Abstreife (minor); die Näh (minor); Rasierrasu (major),Standard-Doppelschneidenklingen (major); Rasierrasur (major)
Perfect for beginners who want to try the art of Shaving with Straight Razors.,"Perfekt für Anfänger, die die Kunst des Rasierens mit Rasiermessern ausprobieren möchten.",no error,no error,True,,
Three or five blade razors irritate the skin much more and you need to press it hard against your skin to use them.,"Rasierer mit drei oder fünf Klingen reizen die Haut viel mehr und Sie müssen sie fest gegen Ihre Haut drücken, um sie zu verwenden.",no error,no error,True,,
