source_en,translation_de,llm_severity,llm_errors
"High-quality photo lab look in a glossy finish,","Hochwertiger Fotolabor-Look in glänzendem Finish,",no error,
"High gloss finish injects life into the print, making colours appear vivid and sharp,","Hochglanz-Finish verleiht dem Druck Leben und lässt Farben lebendig und scharf erscheinen,",no error,
Posters are sent in a sturdy carded A5 envelope.,Die Poster werden in einem stabilen A5-Umschlag verschickt.,no error,
"Printed on super-premium semi-gloss photo paper, it provides high colour definition with reduced reflection in a direct light.","Gedruckt auf Super-Premium-Seidenglanz-Fotopapier, bietet es eine hohe Farbdefinition mit reduzierter Reflexion bei direktem Licht.",no error,
A3 Posters are sent in a cardboard poster tube.,A3-Poster werden in einer Kartonposterröhre verschickt.,minor,Kartonposterröhre (minor)
How long does it take for malware to infect your brand-new computer?,"Wie lange dauert es, bis Malware Ihren brandneuen Computer infiziert?",no error,
"If you use free or other inferior security software, maybe not long at all.","Wenn Sie kostenlose oder andere minderwertige Sicherheitssoftware verwenden, vielleicht gar nicht lange.",no error,
"Cyber-criminals are more sophisticated than ever before, and they use a diverse arsenal of tools to gain access to your information.","Cyberkriminelle sind ausgefeilter als je zuvor und nutzen ein vielfältiges Arsenal an Tools, um Zugang zu Ihren Informationen zu erhalten.",no error,
Other security solutions just don’t have the resources to keep up with new threats as they emerge.,"Andere Sicherheitslösungen verfügen einfach nicht über die Ressourcen, um mit neuen Bedrohungen Schritt zu halten, sobald sie auftauchen.",no error,
"As the threats get worse, we just keep getting better.","Während die Bedrohungen schlimmer werden, werden wir immer besser.",no error,
Our teams of security experts are constantly analyzing new threats and devising new ways to protect your devices from them.,"Unsere Teams von Sicherheitsexperten analysieren ständig neue Bedrohungen und entwickeln neue Wege, um Ihre Geräte vor ihnen zu schützen.",no error,
We focus exclusively on security & are the best at it,Wir konzentrieren uns ausschließlich auf Sicherheit und sind die Besten darin,no error,
Our concentrated combination of dedication and expertise benefits our customers.,Unsere geballte Kombination aus Engagement und Know-how kommt unseren Kunden zugute.,major,gebildete Kombination (major)
"Norton has been outperforming the competition in many reputable head-to-head tests, and only Norton has won the PC Magazine Editors’ Choice Award 34 times, including 11 years in a row – more than any other security company.","Norton hat die Konkurrenz in vielen seriösen Kopf-an-Kopf–Tests übertroffen, und nur Norton hat den Editors 'Choice Award des PC Magazine 34 Mal gewonnen, davon 11 Jahre in Folge - mehr als jedes andere Sicherheitsunternehmen.",minor,Editors 'Choice Award (minor); des PC Magazine (minor)
What does that mean for you?,Was bedeutet das für dich?,minor,für dich (minor)
Norton Security Deluxe includes online access to expert help from certified Norton technicians.,Norton Security Deluxe bietet Online-Zugriff auf fachkundige Hilfe von zertifizierten Norton-Technikern.,no error,
"If at any time you need help, our support agents are ready to assist you 24 hours a day, seven days a week.","Wenn Sie zu irgendeinem Zeitpunkt Hilfe benötigen, stehen Ihnen unsere Support-Mitarbeiter 24 Stunden am Tag, sieben Tage die Woche zur Verfügung.",no error,
"To be eligible for the Virus Protection Promise, you must purchase, renew, or upgrade your Norton subscription directly from Symantec, or subscribe to the Norton Automatic Renewal Service.","Um Anspruch auf das Virenschutzversprechen zu haben, müssen Sie Ihr Norton-Abonnement direkt bei Symantec erwerben, verlängern oder aktualisieren oder den automatischen Verlängerungsservice von Norton abonnieren.",no error,
"If a Symantec service representative is unable to remove a virus from your device, then you may receive a full refund on the actual price paid for the Norton subscription, or if a Norton bundle, the total Norton bundle price paid (net of any discounts or refunds received and less any shipping, handling and applicable taxes, except in certain states and countries where shipping, handling and taxes are refundable) and only for the current paid subscription service period for that subscription or subscription bundle.","Wenn ein Symantec-Servicemitarbeiter einen Virus nicht von Ihrem Gerät entfernen kann, erhalten Sie möglicherweise eine vollständige Rückerstattung des tatsächlich für das Norton-Abonnement gezahlten Preises oder, wenn es sich um ein Norton-Bundle handelt, des gesamten bezahlten Norton-Bundle-Preises (abzüglich aller erhaltenen Rabatte oder Rückerstattungen und abzüglich aller Versand-, Bearbeitungs- und anwendbaren Steuern, außer in bestimmten Staaten und Ländern, in denen Versand-, Bearbeitungs- und Steuern erstattungsfähig sind) und nur für den aktuellen bezahlten Abonnementdienstzeitraum für dieses Abonnement oder Abonnementpaket.",no error,
The Norton subscription must be installed and activated on your device prior to the time it is infected by a virus.,"Das Norton-Abonnement muss auf Ihrem Gerät installiert und aktiviert werden, bevor es mit einem Virus infiziert wird.",major,es (major)
